{"stats":{"minecraft:killed_by":{"minecraft:drowned":1},"minecraft:custom":{"minecraft:jump":111,"minecraft:time_since_rest":2627,"minecraft:leave_game":1,"minecraft:crouch_one_cm":523,"minecraft:deaths":1,"minecraft:damage_taken":240,"minecraft:sprint_one_cm":9810,"minecraft:play_time":4916,"minecraft:walk_on_water_one_cm":2647,"minecraft:time_since_death":2595,"minecraft:walk_one_cm":8531,"minecraft:sneak_time":156,"minecraft:total_world_time":4916,"minecraft:walk_under_water_one_cm":4400,"minecraft:swim_one_cm":1355,"minecraft:fall_one_cm":4381,"minecraft:fly_one_cm":15075},"minecraft:mined":{"minecraft:spruce_leaves":2}},"DataVersion":3465}